{
    "model": {
        "type": "select",
        "property": "custom_model_data",
        "fallback": {
            "type": "model",
            "model": "item/netherite_sword"
        },
        "cases": [
            {
                "when": "chain_arm",
                "model": {
                    "type": "model",
                    "model": "item/chain_arm"
                }
            },
            {
                "when": "chain_hook",
                "model": {
                    "type": "model",
                    "model": "item/chain_hook"
                }
            }
        ]
    }   
}