{
	"format_version": "1.9.0",
	"credit": "Made with Blockbench",
	"textures": {
		"0": "mypack:chainarm",
		"1": "mypack:chainarm2",
		"2": "mypack:chainarm3",
		"3": "mypack:chainarm4",
		"6": "mypack:chainarm7",
		"particle": "mypack:chainarm"
	},
	"elements": [
		{
			"from": [2.5, -0.25, 7.7],
			"to": [3.5, 5.25, 8.7],
			"rotation": {"angle": 45, "axis": "y", "origin": [2.5, -0.25, 7.7]},
			"faces": {
				"north": {"uv": [0, 0, 1, 1], "texture": "#2"},
				"east": {"uv": [0, 1, 1, 2], "texture": "#2"},
				"south": {"uv": [1, 0, 2, 1], "texture": "#2"},
				"west": {"uv": [1, 1, 2, 2], "texture": "#2"},
				"up": {"uv": [1, 3, 0, 2], "texture": "#2"},
				"down": {"uv": [3, 0, 2, 1], "texture": "#2"}
			}
		},
		{
			"from": [2, 0, 6.5],
			"to": [4.5, 1, 9],
			"rotation": {"angle": 0, "axis": "y", "origin": [1, 0, 6]},
			"faces": {
				"north": {"uv": [0, 0, 1, 1], "texture": "#0"},
				"east": {"uv": [0, 1, 1, 2], "texture": "#0"},
				"south": {"uv": [1, 0, 2, 1], "texture": "#0"},
				"west": {"uv": [1, 1, 2, 2], "texture": "#0"},
				"up": {"uv": [1, 3, 0, 2], "texture": "#0"},
				"down": {"uv": [3, 0, 2, 1], "texture": "#0"}
			}
		},
		{
			"from": [3, 0, 9],
			"to": [5, 1, 14],
			"rotation": {"angle": 45, "axis": "y", "origin": [3, 0, 9]},
			"faces": {
				"north": {"uv": [1, 2, 2, 3], "texture": "#0"},
				"east": {"uv": [0, 0, 2, 1], "texture": "#0"},
				"south": {"uv": [2, 2, 3, 3], "texture": "#0"},
				"west": {"uv": [0, 1, 2, 2], "texture": "#0"},
				"up": {"uv": [6, 6, 0, 0], "texture": "#0"},
				"down": {"uv": [3, 0, 2, 2], "texture": "#0"}
			}
		},
		{
			"from": [6.53553, 0, 10.53553],
			"to": [9.03553, 1, 12.53553],
			"rotation": {"angle": 0, "axis": "y", "origin": [7.03553, 0, 11.03553]},
			"faces": {
				"north": {"uv": [0, 1, 2.5, 2], "texture": "#0"},
				"east": {"uv": [0, 1, 2, 2], "texture": "#0"},
				"south": {"uv": [0, 1, 2.5, 2], "texture": "#0"},
				"west": {"uv": [0, 1, 2, 2], "texture": "#0"},
				"up": {"uv": [0, 0, 5.5, 4], "texture": "#0"},
				"down": {"uv": [0, 0, 2.5, 2], "texture": "#0"}
			}
		},
		{
			"from": [7.62132, 0, 11.12132],
			"to": [10.62132, 1, 13.12132],
			"rotation": {"angle": 45, "axis": "y", "origin": [7.62132, 0, 11.12132]},
			"faces": {
				"north": {"uv": [0, 1, 3, 2], "texture": "#0"},
				"east": {"uv": [0, 1, 2, 2], "texture": "#0"},
				"south": {"uv": [0, 1, 3, 2], "texture": "#0"},
				"west": {"uv": [0, 1, 2, 2], "texture": "#0"},
				"up": {"uv": [0, 0, 3, 2], "texture": "#0"},
				"down": {"uv": [0, 0, 3, 2], "texture": "#0"}
			}
		},
		{
			"from": [2, 4, 6.5],
			"to": [4.5, 5, 9],
			"rotation": {"angle": 0, "axis": "y", "origin": [1, 4, 6]},
			"faces": {
				"north": {"uv": [0, 0, 1, 1], "texture": "#0"},
				"east": {"uv": [0, 1, 1, 2], "texture": "#0"},
				"south": {"uv": [1, 0, 2, 1], "texture": "#0"},
				"west": {"uv": [1, 1, 2, 2], "texture": "#0"},
				"up": {"uv": [1, 3, 0, 2], "texture": "#0"},
				"down": {"uv": [3, 0, 2, 1], "texture": "#0"}
			}
		},
		{
			"from": [3, 4, 9],
			"to": [5, 5, 14],
			"rotation": {"angle": 45, "axis": "y", "origin": [3, 4, 9]},
			"faces": {
				"north": {"uv": [1, 2, 2, 3], "texture": "#0"},
				"east": {"uv": [0, 0, 2, 1], "texture": "#0"},
				"south": {"uv": [2, 2, 3, 3], "texture": "#0"},
				"west": {"uv": [0, 1, 2, 2], "texture": "#0"},
				"up": {"uv": [6, 6, 0, 0], "texture": "#0"},
				"down": {"uv": [3, 0, 2, 2], "texture": "#0"}
			}
		},
		{
			"from": [6.53553, 4, 10.53553],
			"to": [9.03553, 5, 12.53553],
			"rotation": {"angle": 0, "axis": "y", "origin": [7.03553, 4, 11.03553]},
			"faces": {
				"north": {"uv": [0, 1, 2.5, 2], "texture": "#0"},
				"east": {"uv": [0, 1, 2, 2], "texture": "#0"},
				"south": {"uv": [0, 1, 2.5, 2], "texture": "#0"},
				"west": {"uv": [0, 1, 2, 2], "texture": "#0"},
				"up": {"uv": [0, 0, 5.5, 4], "texture": "#0"},
				"down": {"uv": [0, 0, 2.5, 2], "texture": "#0"}
			}
		},
		{
			"from": [7.62132, 4, 11.12132],
			"to": [10.62132, 5, 13.12132],
			"rotation": {"angle": 45, "axis": "y", "origin": [7.62132, 4, 11.12132]},
			"faces": {
				"north": {"uv": [0, 1, 3, 2], "texture": "#0"},
				"east": {"uv": [0, 1, 2, 2], "texture": "#0"},
				"south": {"uv": [0, 1, 3, 2], "texture": "#0"},
				"west": {"uv": [0, 1, 2, 2], "texture": "#0"},
				"up": {"uv": [0, 0, 3, 2], "texture": "#0"},
				"down": {"uv": [0, 0, 3, 2], "texture": "#0"}
			}
		},
		{
			"from": [2, 2, 6.5],
			"to": [4.5, 3, 9],
			"rotation": {"angle": 0, "axis": "y", "origin": [1, 2, 6]},
			"faces": {
				"north": {"uv": [0, 0, 1, 1], "texture": "#1"},
				"east": {"uv": [0, 1, 1, 2], "texture": "#1"},
				"south": {"uv": [1, 0, 2, 1], "texture": "#1"},
				"west": {"uv": [1, 1, 2, 2], "texture": "#1"},
				"up": {"uv": [1, 3, 0, 2], "texture": "#1"},
				"down": {"uv": [3, 0, 2, 1], "texture": "#1"}
			}
		},
		{
			"from": [6.5, 2, 3],
			"to": [8.5, 3, 8],
			"rotation": {"angle": -45, "axis": "y", "origin": [6.5, 2, 3]},
			"faces": {
				"north": {"uv": [1, 2, 2, 3], "texture": "#1"},
				"east": {"uv": [0, 0, 2, 1], "texture": "#1"},
				"south": {"uv": [2, 2, 3, 3], "texture": "#1"},
				"west": {"uv": [0, 1, 2, 2], "texture": "#1"},
				"up": {"uv": [6, 6, 0, 0], "texture": "#1"},
				"down": {"uv": [3, 0, 2, 2], "texture": "#1"}
			}
		},
		{
			"from": [6.5, 2, 3],
			"to": [9, 3, 5],
			"rotation": {"angle": 0, "axis": "y", "origin": [7, 2, 3]},
			"faces": {
				"north": {"uv": [0, 1, 2.5, 2], "texture": "#1"},
				"east": {"uv": [0, 1, 2, 2], "texture": "#1"},
				"south": {"uv": [0, 1, 2.5, 2], "texture": "#1"},
				"west": {"uv": [0, 1, 2, 2], "texture": "#1"},
				"up": {"uv": [0, 0, 5.5, 4], "texture": "#1"},
				"down": {"uv": [0, 0, 2.5, 2], "texture": "#1"}
			}
		},
		{
			"from": [9, 2, 3],
			"to": [12, 3, 5],
			"rotation": {"angle": -45, "axis": "y", "origin": [9, 2, 3]},
			"faces": {
				"north": {"uv": [0, 2, 3, 3], "texture": "#1"},
				"east": {"uv": [0, 3, 2, 4], "texture": "#1"},
				"south": {"uv": [0, 2, 3, 3], "texture": "#1"},
				"west": {"uv": [0, 3, 2, 4], "texture": "#1"},
				"up": {"uv": [3, 2, 0, 0], "texture": "#1"},
				"down": {"uv": [3, 0, 0, 2], "texture": "#1"}
			}
		},
		{
			"from": [3, 1, 5.75],
			"to": [13, 4, 9.75],
			"rotation": {"angle": 0, "axis": "y", "origin": [3, 1, 6]},
			"faces": {
				"north": {"uv": [0, 8, 11, 11], "texture": "#3"},
				"east": {"uv": [11, 0, 15, 3], "texture": "#3"},
				"south": {"uv": [0, 11, 11, 14], "texture": "#3"},
				"west": {"uv": [11, 3, 15, 6], "texture": "#3"},
				"up": {"uv": [11, 4, 0, 0], "texture": "#3"},
				"down": {"uv": [11, 4, 0, 8], "texture": "#3"}
			}
		},
		{
			"from": [10, 3.85, 6.75],
			"to": [15, 4.35, 8.75],
			"rotation": {"angle": 0, "axis": "y", "origin": [10, 4, 6]},
			"faces": {
				"north": {"uv": [0, 1.5, 5, 2], "texture": "#1"},
				"east": {"uv": [1, 1.5, 3, 2], "texture": "#1"},
				"south": {"uv": [0, 1.5, 5, 2], "texture": "#1"},
				"west": {"uv": [0, 1.5, 2, 2], "texture": "#1"},
				"up": {"uv": [0, 0, 5, 2], "texture": "#1"},
				"down": {"uv": [0, 1, 5, 3], "texture": "#1"}
			}
		},
		{
			"from": [11, 4.2, 7.125],
			"to": [15, 4.7, 8.375],
			"rotation": {"angle": 0, "axis": "y", "origin": [11, 5, 7]},
			"faces": {
				"north": {"uv": [1, 1.5, 5, 2], "texture": "#0"},
				"east": {"uv": [1.75, 1.5, 3, 2], "texture": "#0"},
				"south": {"uv": [0, 1.5, 4, 2], "texture": "#0"},
				"west": {"uv": [0, 1.5, 1.25, 2], "texture": "#0"},
				"up": {"uv": [0, 0, 4, 1.25], "texture": "#0"},
				"down": {"uv": [0, 1.75, 4, 3], "texture": "#0"}
			}
		},
		{
			"from": [13, 1, 5.5],
			"to": [16, 4, 10],
			"rotation": {"angle": 0, "axis": "y", "origin": [13, 1, 5]},
			"faces": {
				"north": {"uv": [0, 6, 3, 9], "texture": "#6"},
				"east": {"uv": [0, 0, 4.5, 3], "texture": "#6"},
				"south": {"uv": [8, 0, 11, 3], "texture": "#6"},
				"west": {"uv": [0, 3, 4.5, 6], "texture": "#6"},
				"up": {"uv": [8, 4.5, 5, 0], "texture": "#6"},
				"down": {"uv": [8, 5, 5, 9.5], "texture": "#6"}
			}
		},
		{
			"from": [14.1, 4.2, 5.25],
			"to": [17.1, 5.2, 10.25],
			"rotation": {"angle": 0, "axis": "y", "origin": [14, 4, 5]},
			"faces": {
				"north": {"uv": [0, 2, 3, 3], "texture": "#0"},
				"east": {"uv": [0, 2, 5, 3], "texture": "#0"},
				"south": {"uv": [0, 2, 3, 3], "texture": "#0"},
				"west": {"uv": [0, 2, 5, 3], "texture": "#0"},
				"up": {"uv": [0, 0, 3, 5], "texture": "#0"},
				"down": {"uv": [0, 0, 3, 5], "texture": "#0"}
			}
		},
		{
			"from": [15, 3.1, 5.25],
			"to": [17, 4.1, 10.25],
			"rotation": {"angle": 0, "axis": "y", "origin": [15, 3, 5]},
			"faces": {
				"north": {"uv": [1, 2, 3, 3], "texture": "#1"},
				"east": {"uv": [0, 2, 5, 3], "texture": "#1"},
				"south": {"uv": [0, 2, 2, 3], "texture": "#1"},
				"west": {"uv": [0, 2, 5, 3], "texture": "#1"},
				"up": {"uv": [0, 0, 2, 5], "texture": "#1"},
				"down": {"uv": [0, 0, 2, 5], "texture": "#1"}
			}
		},
		{
			"from": [15, 1, 5.25],
			"to": [17, 2, 10.25],
			"rotation": {"angle": 0, "axis": "y", "origin": [15, 1, 5]},
			"faces": {
				"north": {"uv": [1, 2, 3, 3], "texture": "#1"},
				"east": {"uv": [0, 2, 5, 3], "texture": "#1"},
				"south": {"uv": [0, 2, 2, 3], "texture": "#1"},
				"west": {"uv": [0, 2, 5, 3], "texture": "#1"},
				"up": {"uv": [0, 0, 2, 5], "texture": "#1"},
				"down": {"uv": [0, 0, 2, 5], "texture": "#1"}
			}
		},
		{
			"from": [16, 2.05, 5.25],
			"to": [17.25, 3.05, 10.25],
			"rotation": {"angle": 0, "axis": "y", "origin": [16, 2, 5]},
			"faces": {
				"north": {"uv": [1.75, 2, 3, 3], "texture": "#0"},
				"east": {"uv": [0, 2, 5, 3], "texture": "#0"},
				"south": {"uv": [0, 2, 1.25, 3], "texture": "#0"},
				"west": {"uv": [0, 2, 5, 3], "texture": "#0"},
				"up": {"uv": [0, 0, 1.25, 5], "texture": "#0"},
				"down": {"uv": [0, 0, 1.25, 5], "texture": "#0"}
			}
		},
		{
			"from": [10, 2, 8],
			"to": [13, 3, 10],
			"rotation": {"angle": 0, "axis": "y", "origin": [10, 2, 8]},
			"faces": {
				"north": {"uv": [0, 1, 3, 2], "texture": "#0"},
				"east": {"uv": [0, 1, 2, 2], "texture": "#0"},
				"south": {"uv": [0, 1, 3, 2], "texture": "#0"},
				"west": {"uv": [0, 1, 2, 2], "texture": "#0"},
				"up": {"uv": [0, 0, 3, 2], "texture": "#0"},
				"down": {"uv": [0, 0, 3, 2], "texture": "#0"}
			}
		}
	],
	"display": {
		"thirdperson_righthand": {
			"rotation": [-90, 0, -90],
			"translation": [8, -1.75, 2.75],
			"scale": [1.2, 1.43, 1.2]
		},
		"thirdperson_lefthand": {
			"rotation": [-90, -180, 90],
			"translation": [8, -2.25, 2.75],
			"scale": [1.2, 1.43, 1.2]
		},
		"firstperson_righthand": {
			"rotation": [-90, 0, -90],
			"translation": [2.5, 1.5, 2.5],
			"scale": [0.8, 0.8, 0.8]
		},
		"ground": {
			"translation": [0, 2.5, 0]
		},
		"gui": {
			"rotation": [90, 135, 0],
			"translation": [2.25, -1.75, 0],
			"scale": [1.2, 1.2, 1.2]
		},
		"fixed": {
			"rotation": [-90, -45, 0],
			"translation": [-1.75, -1.25, -8],
			"scale": [1.25, 1.25, 1.25]
		},
		"on_shelf": {
			"rotation": [-90, 0, 0],
			"translation": [0, -9.5, -7.5]
		}
	},
	"groups": [
		0,
		{
			"name": "group",
			"origin": [1, 0, 5],
			"color": 0,
			"children": [1, 2, 3, 4]
		},
		{
			"name": "group",
			"origin": [1, 0, 5],
			"color": 0,
			"children": [5, 6, 7, 8]
		},
		{
			"name": "group",
			"origin": [1, 0, 5],
			"color": 0,
			"children": [9, 10, 11, 12]
		},
		13,
		14,
		15,
		16,
		17,
		18,
		19,
		20,
		21
	]
}