{
	"format_version": "1.9.0",
	"credit": "Made with Blockbench",
	"texture_size": [8, 8],
	"textures": {
		"0": "item/chain_hook3",
		"1": "item/chain_hook2",
		"2": "item/chain_hook",
		"3": "item/chain_hook4",
		"4": "item/chain_hook5",
		"5": "item/chain_hook6",
		"6": "item/chain_hook7",
		"7": "item/chain_hook8",
		"8": "item/chain_hook9",
		"9": "item/chain_hook10",
		"10": "item/chain_hook11",
		"11": "item/chain_hook12",
		"12": "item/chain_hook13",
		"particle": "item/chain_hook3"
	},
	"elements": [
		{
			"from": [2, 0, 6.5],
			"to": [4.25, 1.25, 9],
			"rotation": {"angle": 0, "axis": "y", "origin": [2, 0, 6.75]},
			"faces": {
				"north": {"uv": [1.25, 0, 2.5, 0.75], "texture": "#2"},
				"east": {"uv": [1.25, 0.75, 2.5, 1.5], "texture": "#2"},
				"south": {"uv": [1.25, 1.5, 2.5, 2.25], "texture": "#2"},
				"west": {"uv": [0, 2.5, 1.25, 3.25], "texture": "#2"},
				"up": {"uv": [9.5, 5.5, 7, 3], "texture": "#2"},
				"down": {"uv": [12, 3, 9.5, 5.5], "texture": "#2"}
			}
		},
		{
			"from": [3.48223, 0, 8.06066],
			"to": [4.48223, 1.25, 9.06066],
			"rotation": {"angle": 45, "axis": "y", "origin": [2.48223, 0, 7.56066]},
			"faces": {
				"north": {"uv": [0, 5.25, 0.5, 5.75], "texture": "#2"},
				"east": {"uv": [0, 5.75, 0.5, 6.25], "texture": "#2"},
				"south": {"uv": [0.5, 5.25, 1, 5.75], "texture": "#2"},
				"west": {"uv": [0.5, 5.75, 1, 6.25], "texture": "#2"},
				"up": {"uv": [0.5, 6.75, 0, 6.25], "texture": "#2"},
				"down": {"uv": [1.5, 5.25, 1, 5.75], "texture": "#2"}
			}
		},
		{
			"from": [3.95711, 0, 7.20711],
			"to": [4.95711, 1.25, 8.20711],
			"rotation": {"angle": 0, "axis": "y", "origin": [2.95711, 0, 6.70711]},
			"faces": {
				"north": {"uv": [3.5, 4.5, 4, 5], "texture": "#2"},
				"east": {"uv": [3.5, 5, 4, 5.5], "texture": "#2"},
				"south": {"uv": [4, 4.5, 4.5, 5], "texture": "#2"},
				"west": {"uv": [4, 5, 4.5, 5.5], "texture": "#2"},
				"up": {"uv": [4, 6, 3.5, 5.5], "texture": "#2"},
				"down": {"uv": [5, 4.5, 4.5, 5], "texture": "#2"}
			}
		},
		{
			"from": [3, -0.001, 9],
			"to": [5, 1.251, 13],
			"rotation": {"angle": 45, "axis": "y", "origin": [3, 0, 9]},
			"faces": {
				"north": {"uv": [6, 0, 7, 0.75], "texture": "#2"},
				"east": {"uv": [2.5, 0, 4, 0.75], "texture": "#2"},
				"south": {"uv": [6, 0.75, 7, 1.5], "texture": "#2"},
				"west": {"uv": [2.5, 0.75, 4, 1.5], "texture": "#2"},
				"up": {"uv": [11, 3, 9, 0], "texture": "#2"},
				"down": {"uv": [9, 0, 7, 3], "texture": "#2"}
			}
		},
		{
			"from": [5.82843, -0.0005, 9.82843],
			"to": [8.32843, 1.2505, 11.82843],
			"rotation": {"angle": 0, "axis": "y", "origin": [6.32843, 0, 10.32843]},
			"faces": {
				"north": {"uv": [3.5, 2.5, 4.75, 3], "texture": "#2"},
				"east": {"uv": [2.5, 2, 3.5, 2.5], "texture": "#2"},
				"south": {"uv": [4.75, 2.5, 6, 3], "texture": "#2"},
				"west": {"uv": [2.5, 1.5, 3.5, 2], "texture": "#2"},
				"up": {"uv": [4.75, 1.5, 6, 2.5], "texture": "#2"},
				"down": {"uv": [3.5, 1.5, 4.75, 2.5], "texture": "#2"}
			}
		},
		{
			"from": [6.62132, 0, 8.82843],
			"to": [8.12132, 1.25, 11.32843],
			"rotation": {"angle": -45, "axis": "y", "origin": [7.62132, 0, 11.82843]},
			"faces": {
				"north": {"uv": [1.5, 4.75, 2.5, 5.25], "texture": "#2"},
				"east": {"uv": [0, 4.75, 1.5, 5.25], "texture": "#2"},
				"south": {"uv": [1.5, 4.25, 2.5, 4.75], "texture": "#2"},
				"west": {"uv": [0, 4.25, 1.5, 4.75], "texture": "#2"},
				"up": {"uv": [0, 3.25, 1.5, 4.25], "rotation": 270, "texture": "#2"},
				"down": {"uv": [1.5, 3.25, 3, 4.25], "rotation": 90, "texture": "#2"}
			}
		},
		{
			"from": [9.37679, 0, 8.13909],
			"to": [10.77679, 1.25, 9.63909],
			"rotation": {"angle": -22.5, "axis": "y", "origin": [9.37679, 0.25, 8.13909]},
			"faces": {
				"north": {"uv": [5, 3.125, 5.75, 3.75], "texture": "#2"},
				"east": {"uv": [5.75, 3.125, 6.5, 3.75], "texture": "#2"},
				"south": {"uv": [4.25, 3.125, 5, 3.75], "texture": "#2"},
				"west": {"uv": [3.5, 3.125, 4.25, 3.75], "texture": "#2"},
				"up": {"uv": [4.25, 3.75, 5, 4.5], "texture": "#2"},
				"down": {"uv": [3.5, 3.75, 4.25, 4.5], "texture": "#2"}
			}
		},
		{
			"from": [2, 4, 6.5],
			"to": [4.25, 5.25, 9],
			"rotation": {"angle": 0, "axis": "y", "origin": [2, 4, 6.75]},
			"faces": {
				"north": {"uv": [1.25, 0, 2.5, 0.75], "texture": "#2"},
				"east": {"uv": [1.25, 0.75, 2.5, 1.5], "texture": "#2"},
				"south": {"uv": [1.25, 1.5, 2.5, 2.25], "texture": "#2"},
				"west": {"uv": [0, 2.5, 1.25, 3.25], "texture": "#2"},
				"up": {"uv": [9.5, 5.5, 7, 3], "texture": "#2"},
				"down": {"uv": [12, 3, 9.5, 5.5], "texture": "#2"}
			}
		},
		{
			"from": [3.48223, 4, 8.06066],
			"to": [4.48223, 5.25, 9.06066],
			"rotation": {"angle": 45, "axis": "y", "origin": [2.48223, 4, 7.56066]},
			"faces": {
				"north": {"uv": [0, 5.25, 0.5, 5.75], "texture": "#2"},
				"east": {"uv": [0, 5.75, 0.5, 6.25], "texture": "#2"},
				"south": {"uv": [0.5, 5.25, 1, 5.75], "texture": "#2"},
				"west": {"uv": [0.5, 5.75, 1, 6.25], "texture": "#2"},
				"up": {"uv": [0.5, 6.75, 0, 6.25], "texture": "#2"},
				"down": {"uv": [1.5, 5.25, 1, 5.75], "texture": "#2"}
			}
		},
		{
			"from": [3.95711, 4, 7.20711],
			"to": [4.95711, 5.25, 8.20711],
			"rotation": {"angle": 0, "axis": "y", "origin": [2.95711, 4, 6.70711]},
			"faces": {
				"north": {"uv": [3.5, 4.5, 4, 5], "texture": "#2"},
				"east": {"uv": [3.5, 5, 4, 5.5], "texture": "#2"},
				"south": {"uv": [4, 4.5, 4.5, 5], "texture": "#2"},
				"west": {"uv": [4, 5, 4.5, 5.5], "texture": "#2"},
				"up": {"uv": [4, 6, 3.5, 5.5], "texture": "#2"},
				"down": {"uv": [5, 4.5, 4.5, 5], "texture": "#2"}
			}
		},
		{
			"from": [3, 3.999, 9],
			"to": [5, 5.251, 13],
			"rotation": {"angle": 45, "axis": "y", "origin": [3, 4, 9]},
			"faces": {
				"north": {"uv": [6, 0, 7, 0.75], "texture": "#2"},
				"east": {"uv": [2.5, 0, 4, 0.75], "texture": "#2"},
				"south": {"uv": [6, 0.75, 7, 1.5], "texture": "#2"},
				"west": {"uv": [2.5, 0.75, 4, 1.5], "texture": "#2"},
				"up": {"uv": [9, 3, 7, 0], "texture": "#2"},
				"down": {"uv": [11, 0, 9, 3], "texture": "#2"}
			}
		},
		{
			"from": [5.82843, 3.9995, 9.82843],
			"to": [8.32843, 5.2505, 11.82843],
			"rotation": {"angle": 0, "axis": "y", "origin": [6.32843, 4, 10.32843]},
			"faces": {
				"north": {"uv": [3.5, 2.5, 4.75, 3], "texture": "#2"},
				"east": {"uv": [2.5, 2, 3.5, 2.5], "texture": "#2"},
				"south": {"uv": [4.75, 2.5, 6, 3], "texture": "#2"},
				"west": {"uv": [2.5, 1.5, 3.5, 2], "texture": "#2"},
				"up": {"uv": [4.75, 1.5, 6, 2.5], "texture": "#2"},
				"down": {"uv": [3.5, 1.5, 4.75, 2.5], "texture": "#2"}
			}
		},
		{
			"from": [6.62132, 4, 8.82843],
			"to": [8.12132, 5.25, 11.32843],
			"rotation": {"angle": -45, "axis": "y", "origin": [7.62132, 4, 11.82843]},
			"faces": {
				"north": {"uv": [1.5, 4.75, 2.5, 5.25], "texture": "#2"},
				"east": {"uv": [0, 4.75, 1.5, 5.25], "texture": "#2"},
				"south": {"uv": [1.5, 4.25, 2.5, 4.75], "texture": "#2"},
				"west": {"uv": [0, 4.25, 1.5, 4.75], "texture": "#2"},
				"up": {"uv": [0, 3.25, 1.5, 4.25], "rotation": 270, "texture": "#2"},
				"down": {"uv": [1.5, 3.25, 3, 4.25], "rotation": 90, "texture": "#2"}
			}
		},
		{
			"from": [9.37679, 4, 8.13909],
			"to": [10.77679, 5.25, 9.63909],
			"rotation": {"angle": -22.5, "axis": "y", "origin": [9.37679, 4.25, 8.13909]},
			"faces": {
				"north": {"uv": [5, 3.125, 5.75, 3.75], "texture": "#2"},
				"east": {"uv": [5.75, 3.125, 6.5, 3.75], "texture": "#2"},
				"south": {"uv": [4.25, 3.125, 5, 3.75], "texture": "#2"},
				"west": {"uv": [3.5, 3.125, 4.25, 3.75], "texture": "#2"},
				"up": {"uv": [4.25, 3.75, 5, 4.5], "texture": "#2"},
				"down": {"uv": [3.5, 3.75, 4.25, 4.5], "texture": "#2"}
			}
		},
		{
			"from": [2, 2, 6.5],
			"to": [4.25, 3.25, 9],
			"rotation": {"angle": 0, "axis": "y", "origin": [2, 2, 6.75]},
			"faces": {
				"north": {"uv": [1.25, 0, 2.5, 0.75], "texture": "#0"},
				"east": {"uv": [1.25, 0.75, 2.5, 1.5], "texture": "#0"},
				"south": {"uv": [1.25, 1.5, 2.5, 2.25], "texture": "#0"},
				"west": {"uv": [0, 2.5, 1.25, 3.25], "texture": "#0"},
				"up": {"uv": [9.5, 5.5, 7, 3], "texture": "#0"},
				"down": {"uv": [12.25, 3, 9.5, 5.5], "texture": "#0"}
			}
		},
		{
			"from": [3.48223, 2, 9.14645],
			"to": [4.48223, 3.25, 10.14645],
			"rotation": {"angle": 45, "axis": "y", "origin": [2.48223, 2, 8.64645]},
			"faces": {
				"north": {"uv": [0, 5.25, 0.5, 5.75], "texture": "#0"},
				"east": {"uv": [0, 5.75, 0.5, 6.25], "texture": "#0"},
				"south": {"uv": [0.5, 5.25, 1, 5.75], "texture": "#0"},
				"west": {"uv": [0.5, 5.75, 1, 6.25], "texture": "#0"},
				"up": {"uv": [0.5, 6.75, 0, 6.25], "texture": "#0"},
				"down": {"uv": [1.5, 5.25, 1, 5.75], "texture": "#0"}
			}
		},
		{
			"from": [3.95711, 2, 7.29289],
			"to": [4.95711, 3.25, 8.29289],
			"rotation": {"angle": 0, "axis": "y", "origin": [2.95711, 2, 6.79289]},
			"faces": {
				"north": {"uv": [3.5, 4.5, 4, 5], "texture": "#0"},
				"east": {"uv": [3.5, 5, 4, 5.5], "texture": "#0"},
				"south": {"uv": [4, 4.5, 4.5, 5], "texture": "#0"},
				"west": {"uv": [4, 5, 4.5, 5.5], "texture": "#0"},
				"up": {"uv": [4, 6, 3.5, 5.5], "texture": "#0"},
				"down": {"uv": [5, 4.5, 4.5, 5], "texture": "#0"}
			}
		},
		{
			"from": [4.41421, 1.999, 5.921],
			"to": [8.41421, 3.251, 7.921],
			"rotation": {"angle": 45, "axis": "y", "origin": [4.41421, 2, 7.921]},
			"faces": {
				"north": {"uv": [2.5, 0, 4, 0.75], "texture": "#0"},
				"east": {"uv": [6, 0.75, 7, 1.5], "texture": "#0"},
				"south": {"uv": [2.5, 0.75, 4, 1.5], "texture": "#0"},
				"west": {"uv": [6, 0, 7, 0.75], "texture": "#0"},
				"up": {"uv": [11, 3, 9, 0], "rotation": 270, "texture": "#0"},
				"down": {"uv": [9, 0, 7, 3], "rotation": 90, "texture": "#0"}
			}
		},
		{
			"from": [5.82842, 1.9995, 3.67836],
			"to": [8.32842, 3.2505, 5.67836],
			"rotation": {"angle": 0, "axis": "y", "origin": [6.32842, 2, 4.17836]},
			"faces": {
				"north": {"uv": [3.5, 2.5, 4.75, 3], "texture": "#0"},
				"east": {"uv": [2.5, 2, 3.5, 2.5], "texture": "#0"},
				"south": {"uv": [4.75, 2.5, 6, 3], "texture": "#0"},
				"west": {"uv": [2.5, 1.5, 3.5, 2], "texture": "#0"},
				"up": {"uv": [4.75, 1.5, 6, 2.5], "texture": "#0"},
				"down": {"uv": [3.5, 1.5, 4.75, 2.5], "texture": "#0"}
			}
		},
		{
			"from": [7.76776, 2, 3.03191],
			"to": [10.26776, 3.25, 4.53191],
			"rotation": {"angle": -45, "axis": "y", "origin": [7.26776, 2, 4.03191]},
			"faces": {
				"north": {"uv": [0, 4.25, 1.5, 4.75], "texture": "#0"},
				"east": {"uv": [1.5, 4.75, 2.5, 5.25], "texture": "#0"},
				"south": {"uv": [0, 4.75, 1.5, 5.25], "texture": "#0"},
				"west": {"uv": [1.5, 4.25, 2.5, 4.75], "texture": "#0"},
				"up": {"uv": [0, 3.25, 1.5, 4.25], "texture": "#0"},
				"down": {"uv": [1.5, 3.25, 3, 4.25], "texture": "#0"}
			}
		},
		{
			"from": [9.27022, 2, 5.33195],
			"to": [10.67022, 3.25, 6.83195],
			"rotation": {"angle": 22.5, "axis": "y", "origin": [10.67022, 2.25, 6.83195]},
			"faces": {
				"north": {"uv": [4.25, 3.125, 5, 3.75], "texture": "#0"},
				"east": {"uv": [3.5, 3.125, 4.25, 3.75], "texture": "#0"},
				"south": {"uv": [5, 3.125, 5.75, 3.75], "texture": "#0"},
				"west": {"uv": [5.75, 3.125, 6.5, 3.75], "texture": "#0"},
				"up": {"uv": [4.25, 3.75, 5, 4.5], "rotation": 180, "texture": "#0"},
				"down": {"uv": [3.5, 3.75, 4.25, 4.5], "rotation": 180, "texture": "#0"}
			}
		},
		{
			"from": [3.25, -0.125, 7.7],
			"to": [3.75, 5.375, 8.2],
			"rotation": {"angle": 45, "axis": "y", "origin": [3.25, 2.75, 7.7]},
			"faces": {
				"north": {"uv": [0, 0, 1, 11], "texture": "#1"},
				"east": {"uv": [2, 0, 3, 11], "texture": "#1"},
				"south": {"uv": [4, 0, 5, 11], "texture": "#1"},
				"west": {"uv": [6, 0, 7, 11], "texture": "#1"},
				"up": {"uv": [9, 1, 8, 0], "texture": "#1"},
				"down": {"uv": [9, 2, 8, 3], "texture": "#1"}
			}
		},
		{
			"from": [2.7, 3.125, 6.75],
			"to": [4.7, 4.125, 8.75],
			"rotation": {"angle": 0, "axis": "y", "origin": [3, 0, 7]},
			"faces": {
				"north": {"uv": [11, 4, 13, 5], "texture": "#3"},
				"east": {"uv": [11, 4, 13, 5], "texture": "#3"},
				"south": {"uv": [11, 4, 13, 5], "texture": "#3"},
				"west": {"uv": [11, 4, 13, 5], "texture": "#3"},
				"up": {"uv": [11, 3, 13, 5], "texture": "#3"},
				"down": {"uv": [11, 3, 13, 5], "texture": "#3"}
			}
		},
		{
			"from": [2.7, 1.125, 6.75],
			"to": [4.7, 2.125, 8.75],
			"rotation": {"angle": 0, "axis": "y", "origin": [3, -2, 7]},
			"faces": {
				"north": {"uv": [11, 4, 13, 5], "texture": "#3"},
				"east": {"uv": [11, 4, 13, 5], "texture": "#3"},
				"south": {"uv": [11, 4, 13, 5], "texture": "#3"},
				"west": {"uv": [11, 4, 13, 5], "texture": "#3"},
				"up": {"uv": [11, 3, 13, 5], "texture": "#3"},
				"down": {"uv": [11, 3, 13, 5], "texture": "#3"}
			}
		},
		{
			"from": [7, 2.125, 6.373],
			"to": [15, 3.125, 9.163],
			"rotation": {"angle": 0, "axis": "y", "origin": [3, 1, 6.25]},
			"faces": {
				"north": {"uv": [0, 6, 7, 7], "texture": "#3"},
				"east": {"uv": [7, 0, 10, 1], "texture": "#3"},
				"south": {"uv": [0, 7, 7, 8], "texture": "#3"},
				"west": {"uv": [7, 1, 10, 2], "texture": "#3"},
				"up": {"uv": [7, 3, 0, 0], "texture": "#3"},
				"down": {"uv": [7, 3, 0, 6], "texture": "#3"}
			}
		},
		{
			"from": [4, 3.125, 6.125],
			"to": [10, 4.135, 9.375],
			"rotation": {"angle": 0, "axis": "y", "origin": [3, 1, 6.25]},
			"faces": {
				"north": {"uv": [6, 0, 12, 1], "texture": "#4"},
				"east": {"uv": [6, 2, 9.25, 3], "texture": "#4"},
				"south": {"uv": [6, 1, 12, 2], "texture": "#4"},
				"west": {"uv": [6, 3, 9.25, 4], "texture": "#4"},
				"up": {"uv": [6, 3.25, 0, 0], "texture": "#4"},
				"down": {"uv": [6, 3.25, 0, 6.5], "texture": "#4"}
			}
		},
		{
			"from": [9.23223, 3.125, 7.68566],
			"to": [10.23223, 4.126, 8.68566],
			"rotation": {"angle": 45, "axis": "y", "origin": [8.23223, 3, 7.18566]},
			"faces": {
				"north": {"uv": [0, 6.5, 1, 7.5], "texture": "#4"},
				"east": {"uv": [0, 7.5, 1, 8.5], "texture": "#4"},
				"south": {"uv": [1, 6.5, 2, 7.5], "texture": "#4"},
				"west": {"uv": [1, 7.5, 2, 8.5], "texture": "#4"},
				"up": {"uv": [1, 9.5, 0, 8.5], "texture": "#4"},
				"down": {"uv": [3, 6.5, 2, 7.5], "texture": "#4"}
			}
		},
		{
			"from": [9.23223, 3.125, 9.52145],
			"to": [10.23223, 4.126, 10.52145],
			"rotation": {"angle": 45, "axis": "y", "origin": [8.23223, 3, 9.02145]},
			"faces": {
				"north": {"uv": [3, 6.5, 4, 7.5], "texture": "#4"},
				"east": {"uv": [3, 7.5, 4, 8.5], "texture": "#4"},
				"south": {"uv": [4, 6.5, 5, 7.5], "texture": "#4"},
				"west": {"uv": [4, 7.5, 5, 8.5], "texture": "#4"},
				"up": {"uv": [4, 9.5, 3, 8.5], "texture": "#4"},
				"down": {"uv": [6, 6.5, 5, 7.5], "texture": "#4"}
			}
		},
		{
			"from": [8.7, 3.125, 6.75],
			"to": [10.7, 4.125, 8.75],
			"rotation": {"angle": 0, "axis": "y", "origin": [9, 0, 7]},
			"faces": {
				"north": {"uv": [2, 12.5, 4, 13.5], "texture": "#4"},
				"east": {"uv": [0, 12.5, 2, 13.5], "texture": "#4"},
				"south": {"uv": [2, 11.5, 4, 12.5], "texture": "#4"},
				"west": {"uv": [0, 11.5, 2, 12.5], "texture": "#4"},
				"up": {"uv": [0, 9.5, 2, 11.5], "texture": "#4"},
				"down": {"uv": [2, 9.5, 4, 11.5], "texture": "#4"}
			}
		},
		{
			"from": [4, 1.115, 6.125],
			"to": [10, 2.125, 9.375],
			"rotation": {"angle": 0, "axis": "y", "origin": [3, -1, 6.25]},
			"faces": {
				"north": {"uv": [6, 0, 12, 1], "texture": "#4"},
				"east": {"uv": [6, 2, 9.25, 3], "texture": "#4"},
				"south": {"uv": [6, 1, 12, 2], "texture": "#4"},
				"west": {"uv": [6, 3, 9.25, 4], "texture": "#4"},
				"up": {"uv": [6, 3.25, 0, 0], "texture": "#4"},
				"down": {"uv": [6, 3.25, 0, 6.5], "texture": "#4"}
			}
		},
		{
			"from": [9.23223, 1.124, 7.68566],
			"to": [10.23223, 2.125, 8.68566],
			"rotation": {"angle": 45, "axis": "y", "origin": [8.23223, 1, 7.18566]},
			"faces": {
				"north": {"uv": [0, 6.5, 1, 7.5], "texture": "#4"},
				"east": {"uv": [0, 7.5, 1, 8.5], "texture": "#4"},
				"south": {"uv": [1, 6.5, 2, 7.5], "texture": "#4"},
				"west": {"uv": [1, 7.5, 2, 8.5], "texture": "#4"},
				"up": {"uv": [1, 9.5, 0, 8.5], "texture": "#4"},
				"down": {"uv": [3, 6.5, 2, 7.5], "texture": "#4"}
			}
		},
		{
			"from": [9.23223, 1.124, 9.52145],
			"to": [10.23223, 2.125, 10.52145],
			"rotation": {"angle": 45, "axis": "y", "origin": [8.23223, 1, 9.02145]},
			"faces": {
				"north": {"uv": [3, 6.5, 4, 7.5], "texture": "#4"},
				"east": {"uv": [3, 7.5, 4, 8.5], "texture": "#4"},
				"south": {"uv": [4, 6.5, 5, 7.5], "texture": "#4"},
				"west": {"uv": [4, 7.5, 5, 8.5], "texture": "#4"},
				"up": {"uv": [4, 9.5, 3, 8.5], "texture": "#4"},
				"down": {"uv": [6, 6.5, 5, 7.5], "texture": "#4"}
			}
		},
		{
			"from": [8.7, 1.125, 6.75],
			"to": [10.7, 2.125, 8.75],
			"rotation": {"angle": 0, "axis": "y", "origin": [9, -2, 7]},
			"faces": {
				"north": {"uv": [2, 12.5, 4, 13.5], "texture": "#4"},
				"east": {"uv": [0, 12.5, 2, 13.5], "texture": "#4"},
				"south": {"uv": [2, 11.5, 4, 12.5], "texture": "#4"},
				"west": {"uv": [0, 11.5, 2, 12.5], "texture": "#4"},
				"up": {"uv": [0, 9.5, 2, 11.5], "texture": "#4"},
				"down": {"uv": [2, 9.5, 4, 11.5], "texture": "#4"}
			}
		},
		{
			"from": [10.5, 1.25, 6.375],
			"to": [15.25, 4, 9.125],
			"rotation": {"angle": 0, "axis": "y", "origin": [3, 1, 6.25]},
			"faces": {
				"north": {"uv": [12, 5, 13, 16], "rotation": 90, "texture": "#3"},
				"east": {"uv": [10, 0, 14, 1], "texture": "#3"},
				"south": {"uv": [11, 5, 12, 16], "rotation": 90, "texture": "#3"},
				"west": {"uv": [10, 1, 14, 2], "texture": "#3"},
				"up": {"uv": [11, 16, 0, 12], "texture": "#3"},
				"down": {"uv": [11, 8, 0, 12], "texture": "#3"}
			}
		},
		{
			"from": [11.23223, 3.5, 7.68566],
			"to": [12.23223, 4.5, 8.68566],
			"rotation": {"angle": 45, "axis": "y", "origin": [10.23223, 3, 7.18566]},
			"faces": {
				"north": {"uv": [7, 10, 9, 12], "texture": "#5"},
				"east": {"uv": [7, 12, 9, 14], "texture": "#5"},
				"south": {"uv": [9, 10, 11, 12], "texture": "#5"},
				"west": {"uv": [9, 12, 11, 14], "texture": "#5"},
				"up": {"uv": [9, 16, 7, 14], "texture": "#5"},
				"down": {"uv": [13, 10, 11, 12], "texture": "#5"}
			}
		},
		{
			"from": [11.23223, 3.5, 9.52145],
			"to": [12.23223, 4.5, 10.52145],
			"rotation": {"angle": 45, "axis": "y", "origin": [10.23223, 3, 9.02145]},
			"faces": {
				"north": {"uv": [7, 4, 9, 6], "texture": "#5"},
				"east": {"uv": [7, 6, 9, 8], "texture": "#5"},
				"south": {"uv": [9, 4, 11, 6], "texture": "#5"},
				"west": {"uv": [9, 6, 11, 8], "texture": "#5"},
				"up": {"uv": [9, 10, 7, 8], "texture": "#5"},
				"down": {"uv": [13, 4, 11, 6], "texture": "#5"}
			}
		},
		{
			"from": [11.3, 3.5, 6.75],
			"to": [13.3, 4.5, 8.75],
			"rotation": {"angle": 0, "axis": "y", "origin": [12, 0, 7]},
			"faces": {
				"north": {"uv": [11, 8, 15, 10], "texture": "#5"},
				"east": {"uv": [11, 6, 15, 8], "texture": "#5"},
				"south": {"uv": [11, 0, 15, 2], "texture": "#5"},
				"west": {"uv": [11, 2, 15, 4], "texture": "#5"},
				"up": {"uv": [7, 0, 11, 4], "texture": "#5"},
				"down": {"uv": [7, 0, 11, 4], "texture": "#5"}
			}
		},
		{
			"from": [12, 3.5, 6.125],
			"to": [15.5, 4.5, 9.375],
			"rotation": {"angle": 0, "axis": "y", "origin": [11, 1, 6.25]},
			"faces": {
				"north": {"uv": [0, 10, 5, 11], "texture": "#5"},
				"east": {"uv": [0, 11, 5, 12], "texture": "#5"},
				"south": {"uv": [0, 12, 5, 13], "texture": "#5"},
				"west": {"uv": [0, 13, 5, 14], "texture": "#5"},
				"up": {"uv": [5, 5, 0, 0], "texture": "#5"},
				"down": {"uv": [5, 5, 0, 10], "texture": "#5"}
			}
		},
		{
			"from": [11.23223, 0.75, 7.68566],
			"to": [12.23223, 1.75, 8.68566],
			"rotation": {"angle": 45, "axis": "y", "origin": [10.23223, 0, 7.18566]},
			"faces": {
				"north": {"uv": [7, 10, 9, 12], "texture": "#5"},
				"east": {"uv": [7, 12, 9, 14], "texture": "#5"},
				"south": {"uv": [9, 10, 11, 12], "texture": "#5"},
				"west": {"uv": [9, 12, 11, 14], "texture": "#5"},
				"up": {"uv": [9, 16, 7, 14], "texture": "#5"},
				"down": {"uv": [13, 10, 11, 12], "texture": "#5"}
			}
		},
		{
			"from": [11.23223, 0.75, 9.52145],
			"to": [12.23223, 1.75, 10.52145],
			"rotation": {"angle": 45, "axis": "y", "origin": [10.23223, 0, 9.02145]},
			"faces": {
				"north": {"uv": [7, 4, 9, 6], "texture": "#5"},
				"east": {"uv": [7, 6, 9, 8], "texture": "#5"},
				"south": {"uv": [9, 4, 11, 6], "texture": "#5"},
				"west": {"uv": [9, 6, 11, 8], "texture": "#5"},
				"up": {"uv": [9, 10, 7, 8], "texture": "#5"},
				"down": {"uv": [13, 4, 11, 6], "texture": "#5"}
			}
		},
		{
			"from": [11.3, 0.75, 6.75],
			"to": [13.3, 1.75, 8.75],
			"rotation": {"angle": 0, "axis": "y", "origin": [12, -3, 7]},
			"faces": {
				"north": {"uv": [11, 8, 15, 10], "texture": "#5"},
				"east": {"uv": [11, 6, 15, 8], "texture": "#5"},
				"south": {"uv": [11, 0, 15, 2], "texture": "#5"},
				"west": {"uv": [11, 2, 15, 4], "texture": "#5"},
				"up": {"uv": [7, 0, 11, 4], "texture": "#5"},
				"down": {"uv": [7, 0, 11, 4], "texture": "#5"}
			}
		},
		{
			"from": [12, 0.75, 6.125],
			"to": [15.5, 1.75, 9.375],
			"rotation": {"angle": 0, "axis": "y", "origin": [11, -2, 6.25]},
			"faces": {
				"north": {"uv": [0, 10, 5, 11], "texture": "#5"},
				"east": {"uv": [0, 11, 5, 12], "texture": "#5"},
				"south": {"uv": [0, 12, 5, 13], "texture": "#5"},
				"west": {"uv": [0, 13, 5, 14], "texture": "#5"},
				"up": {"uv": [5, 5, 0, 0], "texture": "#5"},
				"down": {"uv": [5, 5, 0, 10], "texture": "#5"}
			}
		},
		{
			"from": [11.7322, 4.5, 8.1857],
			"to": [12.7322, 5, 9.1857],
			"rotation": {"angle": 45, "axis": "y", "origin": [10.7322, 4, 7.6857]},
			"faces": {
				"north": {"uv": [0, 8, 2, 10], "texture": "#6"},
				"east": {"uv": [0, 10, 2, 12], "texture": "#6"},
				"south": {"uv": [2, 8, 4, 10], "texture": "#6"},
				"west": {"uv": [2, 10, 4, 12], "texture": "#6"},
				"up": {"uv": [2, 14, 0, 12], "texture": "#6"},
				"down": {"uv": [6, 8, 4, 10], "texture": "#6"}
			}
		},
		{
			"from": [11.7322, 4.5, 9.0214],
			"to": [12.7322, 5, 10.0214],
			"rotation": {"angle": 45, "axis": "y", "origin": [10.7322, 4, 8.5214]},
			"faces": {
				"north": {"uv": [6, 8, 8, 10], "texture": "#6"},
				"east": {"uv": [6, 10, 8, 12], "texture": "#6"},
				"south": {"uv": [8, 8, 10, 10], "texture": "#6"},
				"west": {"uv": [8, 10, 10, 12], "texture": "#6"},
				"up": {"uv": [8, 14, 6, 12], "texture": "#6"},
				"down": {"uv": [12, 8, 10, 10], "texture": "#6"}
			}
		},
		{
			"from": [11.8, 4.5, 7.25],
			"to": [13.8, 5, 8.25],
			"rotation": {"angle": 0, "axis": "y", "origin": [13, 1, 7]},
			"faces": {
				"north": {"uv": [8, 5, 12, 6], "texture": "#6"},
				"east": {"uv": [8, 7, 10, 8], "texture": "#6"},
				"south": {"uv": [8, 4, 12, 5], "texture": "#6"},
				"west": {"uv": [8, 6, 10, 7], "texture": "#6"},
				"up": {"uv": [4, 4, 8, 6], "texture": "#6"},
				"down": {"uv": [4, 6, 8, 8], "texture": "#6"}
			}
		},
		{
			"from": [12.5, 4.5, 6.625],
			"to": [15, 5, 8.875],
			"rotation": {"angle": 0, "axis": "y", "origin": [11, 2, 7.25]},
			"faces": {
				"north": {"uv": [4, 0, 8, 1], "texture": "#6"},
				"east": {"uv": [4, 1, 8, 2], "texture": "#6"},
				"south": {"uv": [4, 2, 8, 3], "texture": "#6"},
				"west": {"uv": [4, 3, 8, 4], "texture": "#6"},
				"up": {"uv": [4, 4, 0, 0], "texture": "#6"},
				"down": {"uv": [4, 4, 0, 8], "texture": "#6"}
			}
		},
		{
			"from": [11.7322, 0.25, 8.1857],
			"to": [12.7322, 0.75, 9.1857],
			"rotation": {"angle": 45, "axis": "y", "origin": [10.7322, 0, 7.6857]},
			"faces": {
				"north": {"uv": [0, 8, 2, 10], "texture": "#6"},
				"east": {"uv": [0, 10, 2, 12], "texture": "#6"},
				"south": {"uv": [2, 8, 4, 10], "texture": "#6"},
				"west": {"uv": [2, 10, 4, 12], "texture": "#6"},
				"up": {"uv": [2, 14, 0, 12], "texture": "#6"},
				"down": {"uv": [6, 8, 4, 10], "texture": "#6"}
			}
		},
		{
			"from": [11.7322, 0.25, 9.0214],
			"to": [12.7322, 0.75, 10.0214],
			"rotation": {"angle": 45, "axis": "y", "origin": [10.7322, 0, 8.5214]},
			"faces": {
				"north": {"uv": [6, 8, 8, 10], "texture": "#6"},
				"east": {"uv": [6, 10, 8, 12], "texture": "#6"},
				"south": {"uv": [8, 8, 10, 10], "texture": "#6"},
				"west": {"uv": [8, 10, 10, 12], "texture": "#6"},
				"up": {"uv": [8, 14, 6, 12], "texture": "#6"},
				"down": {"uv": [12, 8, 10, 10], "texture": "#6"}
			}
		},
		{
			"from": [11.8, 0.25, 7.25],
			"to": [13.8, 0.75, 8.25],
			"rotation": {"angle": 0, "axis": "y", "origin": [13, -3, 7]},
			"faces": {
				"north": {"uv": [8, 5, 12, 6], "texture": "#6"},
				"east": {"uv": [8, 7, 10, 8], "texture": "#6"},
				"south": {"uv": [8, 4, 12, 5], "texture": "#6"},
				"west": {"uv": [8, 6, 10, 7], "texture": "#6"},
				"up": {"uv": [4, 4, 8, 6], "texture": "#6"},
				"down": {"uv": [4, 6, 8, 8], "texture": "#6"}
			}
		},
		{
			"from": [12.5, 0.25, 6.625],
			"to": [15, 0.75, 8.875],
			"rotation": {"angle": 0, "axis": "y", "origin": [11, -2, 7.25]},
			"faces": {
				"north": {"uv": [4, 0, 8, 1], "texture": "#6"},
				"east": {"uv": [4, 1, 8, 2], "texture": "#6"},
				"south": {"uv": [4, 2, 8, 3], "texture": "#6"},
				"west": {"uv": [4, 3, 8, 4], "texture": "#6"},
				"up": {"uv": [4, 4, 0, 0], "texture": "#6"},
				"down": {"uv": [4, 4, 0, 8], "texture": "#6"}
			}
		},
		{
			"from": [6.5, 2.125, 7.375],
			"to": [7, 3.125, 9.375],
			"rotation": {"angle": 0, "axis": "y", "origin": [7, 2, 8]},
			"faces": {
				"north": {"uv": [6, 8, 7, 10], "texture": "#7"},
				"east": {"uv": [2, 10, 6, 12], "texture": "#7"},
				"south": {"uv": [6, 10, 7, 12], "texture": "#7"},
				"west": {"uv": [2, 8, 6, 10], "texture": "#7"},
				"up": {"uv": [1, 8, 2, 12], "texture": "#7"},
				"down": {"uv": [0, 8, 1, 12], "texture": "#7"}
			}
		},
		{
			"from": [7, 2.375, 7.375],
			"to": [10, 2.875, 9.375],
			"rotation": {"angle": 0, "axis": "y", "origin": [8, 2, 8]},
			"faces": {
				"north": {"uv": [6, 0, 12, 1], "texture": "#7"},
				"east": {"uv": [6, 2, 10, 3], "texture": "#7"},
				"south": {"uv": [6, 1, 12, 2], "texture": "#7"},
				"west": {"uv": [6, 3, 10, 4], "texture": "#7"},
				"up": {"uv": [6, 4, 0, 0], "texture": "#7"},
				"down": {"uv": [6, 4, 0, 8], "texture": "#7"}
			}
		},
		{
			"from": [9.5, 2.125, 7.5],
			"to": [10, 3.125, 9.5],
			"rotation": {"angle": 0, "axis": "y", "origin": [10, 2, 8]},
			"faces": {
				"north": {"uv": [6, 8, 7, 10], "texture": "#7"},
				"east": {"uv": [2, 10, 6, 12], "texture": "#7"},
				"south": {"uv": [6, 10, 7, 12], "texture": "#7"},
				"west": {"uv": [2, 8, 6, 10], "texture": "#7"},
				"up": {"uv": [1, 8, 2, 12], "texture": "#7"},
				"down": {"uv": [0, 8, 1, 12], "texture": "#7"}
			}
		},
		{
			"from": [10, 2.125, 7.75],
			"to": [11, 3.125, 9.75],
			"rotation": {"angle": 0, "axis": "y", "origin": [11, 2, 8]},
			"faces": {
				"north": {"uv": [9, 4, 11, 6], "texture": "#8"},
				"east": {"uv": [0, 6, 5, 8], "texture": "#8"},
				"south": {"uv": [9, 6, 11, 8], "texture": "#8"},
				"west": {"uv": [0, 4, 5, 6], "texture": "#8"},
				"up": {"uv": [7, 4, 9, 8], "texture": "#8"},
				"down": {"uv": [5, 4, 7, 8], "texture": "#8"}
			}
		},
		{
			"from": [14, 2.25, 7.625],
			"to": [15, 3, 9.625],
			"rotation": {"angle": 0, "axis": "y", "origin": [15, 2, 8]},
			"faces": {
				"north": {"uv": [11, 3, 15, 6], "texture": "#8"},
				"east": {"uv": [8, 13, 16, 16], "texture": "#8"},
				"south": {"uv": [11, 0, 15, 3], "texture": "#8"},
				"west": {"uv": [8, 10, 16, 13], "texture": "#8"},
				"up": {"uv": [4, 8, 8, 16], "texture": "#8"},
				"down": {"uv": [0, 8, 4, 16], "texture": "#8"}
			}
		},
		{
			"from": [14.5, 2.125, 7.75],
			"to": [15.5, 3.125, 9.75],
			"rotation": {"angle": 0, "axis": "y", "origin": [15, 2, 8]},
			"faces": {
				"north": {"uv": [8, 2, 10, 4], "texture": "#8"},
				"east": {"uv": [0, 0, 4, 2], "texture": "#8"},
				"south": {"uv": [8, 0, 10, 2], "texture": "#8"},
				"west": {"uv": [0, 2, 4, 4], "texture": "#8"},
				"up": {"uv": [6, 4, 4, 0], "texture": "#8"},
				"down": {"uv": [8, 0, 6, 4], "texture": "#8"}
			}
		},
		{
			"from": [11, 2.375, 7.5],
			"to": [14, 2.875, 9.5],
			"rotation": {"angle": 0, "axis": "y", "origin": [11, 2, 8]},
			"faces": {
				"north": {"uv": [6, 0, 12, 1], "texture": "#9"},
				"east": {"uv": [6, 2, 10, 3], "texture": "#9"},
				"south": {"uv": [6, 1, 12, 2], "texture": "#9"},
				"west": {"uv": [6, 3, 10, 4], "texture": "#9"},
				"up": {"uv": [6, 4, 0, 0], "texture": "#9"},
				"down": {"uv": [6, 4, 0, 8], "texture": "#9"}
			}
		},
		{
			"from": [10.625, 3.125, 8.375],
			"to": [14.875, 3.375, 9.375],
			"rotation": {"angle": 0, "axis": "y", "origin": [11, 3, 8]},
			"faces": {
				"north": {"uv": [0, 12.5, 8.5, 13], "texture": "#9"},
				"east": {"uv": [4, 13, 8, 13.5], "texture": "#9"},
				"south": {"uv": [0, 12, 8.5, 12.5], "texture": "#9"},
				"west": {"uv": [0, 13, 4, 13.5], "texture": "#9"},
				"up": {"uv": [0, 8, 8.5, 12], "texture": "#9"},
				"down": {"uv": [0, 8, 8.5, 12], "texture": "#9"}
			}
		},
		{
			"from": [10.625, 1.875, 8.375],
			"to": [14.875, 2.125, 9.375],
			"rotation": {"angle": 0, "axis": "y", "origin": [11, 2, 8]},
			"faces": {
				"north": {"uv": [0, 12.5, 8.5, 13], "texture": "#9"},
				"east": {"uv": [4, 13, 8, 13.5], "texture": "#9"},
				"south": {"uv": [0, 12, 8.5, 12.5], "texture": "#9"},
				"west": {"uv": [0, 13, 4, 13.5], "texture": "#9"},
				"up": {"uv": [0, 8, 8.5, 12], "texture": "#9"},
				"down": {"uv": [0, 8, 8.5, 12], "texture": "#9"}
			}
		},
		{
			"from": [14.5, 2.125, 5.75],
			"to": [15.5, 3.125, 7.75],
			"rotation": {"angle": 0, "axis": "y", "origin": [15, 2, 6]},
			"faces": {
				"north": {"uv": [8, 2, 10, 4], "texture": "#8"},
				"east": {"uv": [0, 0, 4, 2], "texture": "#8"},
				"south": {"uv": [8, 0, 10, 2], "texture": "#8"},
				"west": {"uv": [0, 2, 4, 4], "texture": "#8"},
				"up": {"uv": [6, 4, 4, 0], "texture": "#8"},
				"down": {"uv": [8, 0, 6, 4], "texture": "#8"}
			}
		},
		{
			"from": [14, 2.25, 5.875],
			"to": [15, 3, 7.875],
			"rotation": {"angle": 0, "axis": "y", "origin": [15, 2, 6]},
			"faces": {
				"north": {"uv": [11, 3, 15, 6], "texture": "#8"},
				"east": {"uv": [8, 13, 16, 16], "texture": "#8"},
				"south": {"uv": [11, 0, 15, 3], "texture": "#8"},
				"west": {"uv": [8, 10, 16, 13], "texture": "#8"},
				"up": {"uv": [4, 8, 8, 16], "texture": "#8"},
				"down": {"uv": [0, 8, 4, 16], "texture": "#8"}
			}
		},
		{
			"from": [11.625, 2.75, 6.125],
			"to": [12.875, 3, 7.125],
			"rotation": {"angle": 0, "axis": "y", "origin": [12, 3, 6]},
			"faces": {
				"north": {"uv": [5, 12.5, 8.5, 13], "texture": "#9"},
				"east": {"uv": [4, 13, 8, 13.5], "texture": "#9"},
				"south": {"uv": [0, 12, 3.5, 12.5], "texture": "#9"},
				"west": {"uv": [0, 13, 4, 13.5], "texture": "#9"},
				"up": {"uv": [0, 8, 3.5, 12], "texture": "#9"},
				"down": {"uv": [0, 8, 3.5, 12], "texture": "#9"}
			}
		},
		{
			"from": [11.625, 2.25, 6.125],
			"to": [12.875, 2.5, 7.125],
			"rotation": {"angle": 0, "axis": "y", "origin": [12, 3, 6]},
			"faces": {
				"north": {"uv": [5, 12.5, 8.5, 13], "texture": "#9"},
				"east": {"uv": [4, 13, 8, 13.5], "texture": "#9"},
				"south": {"uv": [0, 12, 3.5, 12.5], "texture": "#9"},
				"west": {"uv": [0, 13, 4, 13.5], "texture": "#9"},
				"up": {"uv": [0, 8, 3.5, 12], "texture": "#9"},
				"down": {"uv": [0, 8, 3.5, 12], "texture": "#9"}
			}
		},
		{
			"from": [12.875, 2.125, 6],
			"to": [13.125, 3.125, 7],
			"rotation": {"angle": 0, "axis": "y", "origin": [13, 2, 6]},
			"faces": {
				"north": {"uv": [11.5, 10.5, 12, 12.5], "texture": "#9"},
				"east": {"uv": [10, 10.5, 12, 12.5], "texture": "#9"},
				"south": {"uv": [8, 10.5, 8.5, 12.5], "texture": "#9"},
				"west": {"uv": [8, 10.5, 10, 12.5], "texture": "#9"},
				"up": {"uv": [8, 8.5, 8.5, 10.5], "texture": "#9"},
				"down": {"uv": [8, 10.5, 8.5, 12.5], "texture": "#9"}
			}
		},
		{
			"from": [11.375, 2.125, 6],
			"to": [11.625, 3.125, 7],
			"rotation": {"angle": 0, "axis": "y", "origin": [11, 2, 6]},
			"faces": {
				"north": {"uv": [11.5, 10.5, 12, 12.5], "texture": "#9"},
				"east": {"uv": [10, 10.5, 12, 12.5], "texture": "#9"},
				"south": {"uv": [8, 10.5, 8.5, 12.5], "texture": "#9"},
				"west": {"uv": [8, 10.5, 10, 12.5], "texture": "#9"},
				"up": {"uv": [8, 8.5, 8.5, 10.5], "texture": "#9"},
				"down": {"uv": [8, 10.5, 8.5, 12.5], "texture": "#9"}
			}
		},
		{
			"from": [13.125, 2.375, 6],
			"to": [14, 2.875, 8],
			"rotation": {"angle": 0, "axis": "y", "origin": [11, 2, 6]},
			"faces": {
				"north": {"uv": [6, 0, 8, 1], "texture": "#9"},
				"east": {"uv": [6, 2, 10, 3], "texture": "#9"},
				"south": {"uv": [10, 1, 12, 2], "texture": "#9"},
				"west": {"uv": [6, 3, 10, 4], "texture": "#9"},
				"up": {"uv": [2, 4, 0, 0], "texture": "#9"},
				"down": {"uv": [2, 4, 0, 8], "texture": "#9"}
			}
		},
		{
			"from": [10.625, 2.375, 6.125],
			"to": [11.375, 2.875, 8.125],
			"rotation": {"angle": 0, "axis": "y", "origin": [13, 2, 8]},
			"faces": {
				"north": {"uv": [10, 1, 12, 2], "texture": "#9"},
				"east": {"uv": [6, 3, 10, 4], "texture": "#9"},
				"south": {"uv": [6, 0, 8, 1], "texture": "#9"},
				"west": {"uv": [6, 2, 10, 3], "texture": "#9"},
				"up": {"uv": [2, 4, 0, 0], "rotation": 180, "texture": "#9"},
				"down": {"uv": [2, 4, 0, 8], "rotation": 180, "texture": "#9"}
			}
		},
		{
			"from": [15.875, 0.875, 6.24],
			"to": [18.375, 3.375, 9.26],
			"rotation": {"angle": 45, "axis": "z", "origin": [15.875, 0.875, 7]},
			"faces": {
				"north": {"uv": [5.25, 0, 10.25, 5], "texture": "#10"},
				"east": {"uv": [0, 0, 2.75, 2.5], "texture": "#10"},
				"south": {"uv": [10.25, 0, 15.25, 5], "texture": "#10"},
				"west": {"uv": [0, 2.5, 2.75, 5], "texture": "#10"},
				"up": {"uv": [5.25, 2.75, 2.75, 0], "texture": "#10"},
				"down": {"uv": [5.25, 2.75, 2.75, 5.5], "texture": "#10"}
			}
		},
		{
			"from": [15, 4, 6],
			"to": [17.75, 5.25, 9.5],
			"rotation": {"angle": 0, "axis": "y", "origin": [15, 4, 6]},
			"faces": {
				"north": {"uv": [5.5, 7.5, 11.75, 10], "texture": "#11"},
				"east": {"uv": [5.5, 2.5, 11.75, 5], "texture": "#11"},
				"south": {"uv": [5.5, 5, 11.75, 7.5], "texture": "#11"},
				"west": {"uv": [5.5, 0, 11.75, 2.5], "texture": "#11"},
				"up": {"uv": [5.5, 7, 0, 0], "texture": "#11"},
				"down": {"uv": [5.5, 0, 0, 7], "texture": "#11"}
			}
		},
		{
			"from": [15.75, 4, 5.625],
			"to": [16.75, 5.375, 9.875],
			"rotation": {"angle": 0, "axis": "y", "origin": [16, 4, 6]},
			"faces": {
				"north": {"uv": [13.75, 5.375, 15.75, 8.25], "texture": "#11"},
				"east": {"uv": [7.5, 9.875, 11.75, 11.25], "texture": "#11"},
				"south": {"uv": [11.75, 5.375, 13.75, 8.25], "texture": "#11"},
				"west": {"uv": [7.5, 11.375, 11.75, 12.75], "texture": "#11"},
				"up": {"uv": [11.75, 8.25, 13.75, 15.25], "texture": "#11"},
				"down": {"uv": [13.75, 8.25, 15.75, 15.25], "texture": "#11"}
			}
		},
		{
			"from": [16.5, 3, 5.75],
			"to": [17.5, 4, 9.75],
			"rotation": {"angle": 0, "axis": "y", "origin": [16, 3, 6]},
			"faces": {
				"north": {"uv": [4, 4, 6, 6], "texture": "#12"},
				"east": {"uv": [0, 0, 8, 2], "texture": "#12"},
				"south": {"uv": [4, 6, 6, 8], "texture": "#12"},
				"west": {"uv": [0, 2, 8, 4], "texture": "#12"},
				"up": {"uv": [2, 12, 0, 4], "texture": "#12"},
				"down": {"uv": [4, 4, 2, 12], "texture": "#12"}
			}
		},
		{
			"from": [16.5, 1.125, 5.75],
			"to": [17.5, 2.125, 9.75],
			"rotation": {"angle": 0, "axis": "y", "origin": [16, 1.125, 6]},
			"faces": {
				"north": {"uv": [4, 4, 6, 6], "texture": "#12"},
				"east": {"uv": [0, 0, 8, 2], "texture": "#12"},
				"south": {"uv": [4, 6, 6, 8], "texture": "#12"},
				"west": {"uv": [0, 2, 8, 4], "texture": "#12"},
				"up": {"uv": [2, 12, 0, 4], "texture": "#12"},
				"down": {"uv": [4, 4, 2, 12], "texture": "#12"}
			}
		},
		{
			"from": [16.75, 2.125, 5.75],
			"to": [17.75, 3, 9.75],
			"rotation": {"angle": 0, "axis": "y", "origin": [15.25, 2.125, 6]},
			"faces": {
				"north": {"uv": [10, 5.25, 12, 7], "texture": "#12"},
				"east": {"uv": [8, 0, 16, 1.75], "texture": "#12"},
				"south": {"uv": [10, 3.5, 12, 5.25], "texture": "#12"},
				"west": {"uv": [8, 1.75, 16, 3.5], "texture": "#12"},
				"up": {"uv": [14, 3.5, 16, 11.5], "texture": "#12"},
				"down": {"uv": [12, 3.5, 14, 11.5], "texture": "#12"}
			}
		}
	],
	"display": {
		"thirdperson_righthand": {
			"rotation": [-90, 0, -90],
			"translation": [8.125, -1.625, 0.75],
			"scale": [1.5, 1.5, 1.5]
		},
		"thirdperson_lefthand": {
			"rotation": [-90, -180, 90],
			"translation": [8.123, -2.375, 0.75],
			"scale": [1.5, 1.5, 1.5]
		},
		"firstperson_righthand": {
			"rotation": [-90, 5, -90],
			"translation": [4.5, 2.5, 1.5],
			"scale": [0.75, 0.75, 0.75]
		},
		"firstperson_lefthand": {
			"rotation": [-90, 5, 90],
			"translation": [-3.75, 3.5, 2],
			"scale": [0.75, 0.75, 0.75]
		},
		"ground": {
			"translation": [-1.75, 2.5, 0]
		},
		"gui": {
			"rotation": [90, 135, 0],
			"translation": [2.25, -1.75, 0],
			"scale": [1.2, 1.2, 1.2]
		},
		"fixed": {
			"rotation": [-90, -45, 0],
			"translation": [-2.25, -1.75, -7.75],
			"scale": [1.25, 1.25, 1.25]
		},
		"on_shelf": {
			"rotation": [-90, 0, 0],
			"translation": [-1.75, -9.25, -7.5]
		}
	},
	"groups": [
		{
			"name": "group",
			"origin": [1, 0, 5],
			"color": 0,
			"children": [0, 1, 2, 3, 4, 5, 6]
		},
		{
			"name": "group",
			"origin": [1, 0, 5],
			"color": 0,
			"children": [7, 8, 9, 10, 11, 12, 13]
		},
		{
			"name": "group",
			"origin": [1, 0, 5],
			"color": 0,
			"children": [14, 15, 16, 17, 18, 19, 20]
		},
		21,
		{
			"name": "group",
			"origin": [3, 1, 6.25],
			"color": 0,
			"children": [
				22,
				23,
				24,
				{
					"name": "group",
					"origin": [8.23223, 3, 7.18566],
					"color": 0,
					"children": [25, 26, 27, 28]
				},
				{
					"name": "group",
					"origin": [8.23223, 3, 7.18566],
					"color": 0,
					"children": [29, 30, 31, 32]
				},
				33
			]
		},
		{
			"name": "group",
			"origin": [10.23223, 3, 7.18566],
			"color": 0,
			"children": [34, 35, 36, 37]
		},
		{
			"name": "group",
			"origin": [10.23223, 3, 7.18566],
			"color": 0,
			"children": [38, 39, 40, 41]
		},
		{
			"name": "group",
			"origin": [10.7322, 4, 7.6857],
			"color": 0,
			"children": [42, 43, 44, 45]
		},
		{
			"name": "group",
			"origin": [10.7322, 4, 7.6857],
			"color": 0,
			"children": [46, 47, 48, 49]
		},
		50,
		51,
		52,
		53,
		54,
		55,
		56,
		57,
		58,
		59,
		60,
		61,
		62,
		63,
		64,
		65,
		66,
		67,
		68,
		69,
		70,
		71,
		72
	]
}